path,bytes,sha256
.gitattributes,8,705fd4d6451a31d36b3df7de96f83f30ac976c9b4a6d1e51671d8e2f33e2d0da
.gitignore,134,98814fd2c05c5083d566b0686ca3db44d7802c7a53e0c871c5fb4157fc2e9e4c
archive/TES-EES-V2.2.0-20260909/CITATION.cff,723,6bf34a1c4c5f5d4c2a264e83c76e70a67447e2e3cfb74566c4306df16eaeeb74
archive/TES-EES-V2.2.0-20260909/FILE_MANIFEST_SHA256.csv,883,aad734ce8573f0314c625f9bf7c7c100f563adb003fbf79632e6c00806dd78c5
archive/TES-EES-V2.2.0-20260909/README.md,2395,75f81b998593fe8a4ace10a4fa28107363e6a1f014634d01575f8c44499d166a
archive/TES-EES-V2.2.0-20260909/RECOMPUTE_NUMERICAL_AUDIT.py,11143,f917e6cf0b1bd2d40ce1e0feaaabcd89dfd83a621f8c50b92e09833053df6738
archive/TES-EES-V2.2.0-20260909/RELEASE_DESCRIPTION.md,1199,e98f7fe393059490a7e009d9054fb1a8191a5a273a98e3aee8d77f58d67689ad
archive/TES-EES-V2.2.0-20260909/RUN_ALL.ps1,1491,462f12c0bf8c83da18998098ca75d22cd020dba3d113de967a6d6fc6d340d083
archive/TES-EES-V2.2.0-20260909/SHA256SUMS.txt,725,4a3738bdc24dbb7c51e9840c934139b2c34b057a0c3648a7c5913933c9ba9dc7
archive/TES-EES-V2.2.0-20260909/TES_EES_V2_2_0_postprocess_source_only.zip,314104,23f92cc3b553fcd0f9b2e5302e60e97d512f5c00e50d0f745cc12f42627ffa02
archive/TES-EES-V2.2.0-20260909/TES_EES_V2_2_0_upstream_source_only.zip,5349197,356033f651ef1c28e6bf2f84916e8f18514d03db5e673017ee761d6f442083f5
archive/TES-EES-V2.2.0-20260909/UPLOAD_GUIDE_CN.md,1142,527b40f03526c21b2fdeb42407b39c85b1bec24ed2339de56c9efea3e4b09206
CITATION.cff,664,8c4b0319ccceba70944f27c267d4cfcf3686ea09e4271a24b6788f6a13b3c1f4
README.md,4384,c58770f2d6d8e1a681e2cdb49715c664f4295fcec554b22fb1aef835d9852b57
RELEASE_DESCRIPTION.md,1163,cbd802f633655b933fb0a77729ef45c027a68c6ebdf4de0b482db3cf701976a5
SHA256SUMS.txt,199,614f980d045cccb669a672e3d9b180aa8e8ba6d017f98899f01c763b8a02ae03
TES_MT_postprocess_source_only.zip,324891,19df4fe60ee3b540edbc0b06aedf7342f6d210590d632a82229df431c8748b24
TES_MT_postprocess_source_only.zip.sha256,101,f1512ae41e9571df180960039ef11df4031fff69bd1224fc4212419b0d9aeaf7
TES_MT_upstream_source_only.zip,5442386,4af4b6a914d70ba7f39c1fdb7dd90f93da1de64faee28a9157f3f42bd76c0f35
TES_MT_upstream_source_only.zip.sha256,98,97e3f81a6705ed78a4b200db961adedddc53048014fdcd871bae9d3d91ef09ef
UPLOAD_GUIDE_CN.md,1192,551815b8f321fa380c31834e955a3aafe8194571e318c5e5a7ecadeb195eb601
VERIFY_SOURCES.py,1435,da2768608545d7b70fe803c69c16477743014e3c0cd844edeba3dd9f8fc83f21
VERSION.json,896,5712e7dca1f8ae31a3cb8b777d87c2984d78e2f1057a8d0fec96da581815267d
