relative_path,size_bytes,sha256
CITATION.cff,723,6bf34a1c4c5f5d4c2a264e83c76e70a67447e2e3cfb74566c4306df16eaeeb74
README.md,2780,2d8f53dbfd2a619d68c91cbab386c727d1557d065d6a6f3fa72decbfb44d5cec
RECOMPUTE_NUMERICAL_AUDIT.py,10983,e6d7322d00196eb0d3fd1db26f54d522ce15140c23d37c3cfdb753e1202fb76f
RELEASE_DESCRIPTION.md,1199,e98f7fe393059490a7e009d9054fb1a8191a5a273a98e3aee8d77f58d67689ad
RUN_ALL.ps1,1471,df96c32916e49698c0c12506605468cdf0b221a37b45e5094d4d552d93e26fa3
SHA256SUMS.txt,725,4a3738bdc24dbb7c51e9840c934139b2c34b057a0c3648a7c5913933c9ba9dc7
TES_EES_V2_2_0_postprocess_source_only.zip,314104,23f92cc3b553fcd0f9b2e5302e60e97d512f5c00e50d0f745cc12f42627ffa02
TES_EES_V2_2_0_upstream_source_only.zip,5349197,356033f651ef1c28e6bf2f84916e8f18514d03db5e673017ee761d6f442083f5
UPLOAD_GUIDE_CN.md,1142,527b40f03526c21b2fdeb42407b39c85b1bec24ed2339de56c9efea3e4b09206
